Survived,Pclass,Sex,Fare,FamilySize,Age_cat,Initial_0.0,Initial_1.0,Initial_2.0,Initial_3.0,Initial_4.0,Embarked_0,Embarked_1,Embarked_2,ticket_encode
0,3,1,1.9810014688665833,2,2,0,0,1,0,0,0,0,1,523
1,1,0,4.26666207838721,2,3,0,0,0,1,0,1,0,0,596
1,3,0,2.0700223197633445,1,2,0,1,0,0,0,0,0,1,669
1,1,0,3.9721769282478934,2,3,0,0,0,1,0,0,0,1,49
0,3,1,2.0856720914304723,1,3,0,0,1,0,0,0,0,1,472
0,3,1,2.135148207799377,1,3,0,0,1,0,0,0,1,0,275
0,1,1,3.948595985658986,1,5,0,0,1,0,0,0,0,1,85
0,3,1,3.048087503887919,5,0,1,0,0,0,0,0,0,1,395
1,3,0,2.409940617298087,3,2,0,0,0,1,0,0,0,1,344
1,2,0,3.4035546012358333,2,1,0,0,0,1,0,1,0,0,132
1,3,0,2.8154087194227095,3,0,0,1,0,0,0,0,0,1,616
1,1,0,3.279029747687948,1,5,0,1,0,0,0,0,0,1,38
0,3,1,2.0856720914304723,1,2,0,0,1,0,0,0,0,1,535
0,3,1,3.442819056352975,7,3,0,0,1,0,0,0,0,1,333
0,3,0,2.061048420562944,1,1,0,1,0,0,0,0,0,1,413
1,2,0,2.772588722239781,1,5,0,0,0,1,0,0,0,1,153
0,3,1,3.371596911885865,6,0,1,0,0,0,0,0,1,0,480
1,2,1,2.5649493574615367,1,3,0,0,1,0,0,0,0,1,151
0,3,0,2.8903717578961645,2,3,0,0,0,1,0,0,0,1,301
1,3,0,1.9775472339984959,1,3,0,0,0,1,0,1,0,0,184
0,2,1,3.258096538021482,1,3,0,0,1,0,0,0,0,1,139
1,2,1,2.5649493574615367,1,3,0,0,1,0,0,0,0,1,152
1,3,0,2.0830848965946345,1,1,0,1,0,0,0,0,1,0,278
1,1,1,3.56953269648137,1,2,0,0,1,0,0,0,0,1,42
0,3,0,3.048087503887919,5,0,0,1,0,0,0,0,0,1,395
1,3,0,3.4464097244837033,7,3,0,0,0,1,0,0,0,1,329
0,3,1,1.9775472339984959,1,3,0,0,1,0,0,1,0,0,179
0,1,1,5.572154032177765,6,1,0,0,1,0,0,0,0,1,95
1,3,0,2.0642263758733557,1,2,0,1,0,0,0,0,1,0,283
0,3,1,2.0663309725297405,1,3,0,0,1,0,0,0,0,1,362
0,1,1,3.32218303393412,1,4,0,0,1,0,0,1,0,0,598
1,1,0,4.9871673979011675,2,3,0,0,0,1,0,1,0,0,586
1,3,0,2.0476928433652555,1,2,0,1,0,0,0,0,1,0,288
0,2,1,2.3513752571634776,1,6,0,0,1,0,0,0,0,1,549
0,1,1,4.408800007809053,2,2,0,0,1,0,0,1,0,0,600
0,1,1,3.9512437185814275,2,4,0,0,1,0,0,0,0,1,43
1,3,1,1.9781283799793465,1,3,0,0,1,0,0,1,0,0,202
0,3,1,2.0856720914304723,1,2,0,0,1,0,0,0,0,1,514
0,3,0,2.8903717578961645,3,1,0,1,0,0,0,0,0,1,302
1,3,0,2.419630078580691,2,1,0,1,0,0,0,1,0,0,186
0,3,0,2.24865675096849,2,4,0,0,0,1,0,0,0,1,507
0,2,0,3.044522437723423,2,2,0,0,0,1,0,0,0,1,53
0,3,1,2.0663309725297405,1,3,0,0,1,0,0,1,0,0,391
1,2,0,3.7276000422255353,4,0,0,1,0,0,0,1,0,0,634
1,3,0,2.0642263758733557,1,1,0,1,0,0,0,0,1,0,282
0,3,1,2.0856720914304723,1,3,0,0,1,0,0,0,0,1,617
0,3,1,2.740840023925201,2,3,0,0,1,0,0,0,1,0,462
1,3,0,2.0476928433652555,1,2,0,1,0,0,0,0,1,0,76
0,3,1,3.0763532755216065,3,3,0,0,1,0,0,1,0,0,190
0,3,0,2.8791984572980396,2,1,0,0,0,1,0,0,0,1,377
0,3,1,3.6810362766529106,6,0,1,0,0,0,0,0,0,1,249
0,3,1,2.0541237336955462,1,2,0,0,1,0,0,0,0,1,522
1,1,0,4.340282339965535,2,4,0,0,0,1,0,1,0,0,587
1,2,0,3.258096538021482,2,2,0,0,0,1,0,0,0,1,239
0,1,1,4.126798844886821,2,6,0,0,1,0,0,1,0,0,29
1,1,1,3.56953269648137,1,3,0,0,1,0,0,0,0,1,94
1,2,0,2.3513752571634776,1,2,0,1,0,0,0,0,0,1,555
0,3,1,1.9781283799793465,1,2,0,0,1,0,0,1,0,0,215
1,2,0,3.3232358401924436,4,0,0,1,0,0,0,0,0,1,561
0,3,1,3.8480176754522337,8,1,1,0,0,0,0,0,0,1,566
0,3,1,1.9781283799793465,1,2,0,0,1,0,0,1,0,0,197
1,1,0,4.382026634673881,1,3,0,1,0,0,0,0,0,1,32
0,1,1,4.424547185829718,2,4,0,0,1,0,0,0,0,1,457
0,3,1,3.32862668882732,6,0,1,0,0,0,0,0,0,1,337
0,1,1,3.32218303393412,1,3,0,0,1,0,0,1,0,0,601
1,3,1,2.7243040552851014,3,0,1,0,0,0,0,1,0,0,189
1,2,0,2.3513752571634776,1,2,0,0,0,1,0,0,0,1,553
0,3,1,2.0990358139382788,1,1,0,0,1,0,0,0,0,1,623
1,3,0,2.0700223197633445,7,1,0,1,0,0,0,0,0,1,248
0,3,1,2.1590033645160216,3,2,0,0,1,0,0,0,0,1,270
0,2,1,2.3513752571634776,1,3,0,0,1,0,0,0,0,1,557
0,3,0,3.8480176754522337,8,1,0,1,0,0,0,0,0,1,566
0,2,1,4.297285406218791,1,2,0,0,1,0,0,0,0,1,621
0,3,1,2.6709850297651974,2,2,0,0,1,0,0,1,0,0,204
1,3,1,4.034166299106131,1,3,0,0,1,0,0,0,0,1,80
0,3,1,2.0347056478384444,1,2,0,0,1,0,0,0,0,1,347
0,3,1,2.0663309725297405,1,3,0,0,1,0,0,0,0,1,355
0,3,1,2.0856720914304723,1,3,0,0,1,0,0,0,0,1,473
1,2,1,3.367295829986474,3,0,1,0,0,0,0,0,0,1,158
1,3,0,2.5237266416375825,1,3,0,1,0,0,0,0,0,1,432
0,3,1,2.1972245773362196,1,2,0,0,1,0,0,0,0,1,304
1,3,1,2.2512917986064953,1,2,0,0,1,0,0,0,0,1,311
1,3,0,2.0525198841135714,1,2,0,1,0,0,0,0,1,0,280
0,1,1,3.8522730010223722,1,2,0,0,1,0,0,0,0,1,25
1,2,0,2.3513752571634776,1,1,0,1,0,0,0,0,0,1,637
1,3,0,2.7631695003232895,4,3,0,0,0,1,0,0,0,1,247
0,3,1,3.5373295559867355,5,1,0,0,1,0,0,0,0,1,676
0,3,1,2.0856720914304723,1,3,0,0,1,0,0,0,0,1,652
1,1,0,5.572154032177765,6,2,0,1,0,0,0,0,0,1,95
0,3,1,2.0856720914304723,1,2,0,0,1,0,0,0,0,1,297
0,3,1,2.0856720914304723,1,2,0,0,1,0,0,0,0,1,298
0,3,1,2.061048420562944,1,2,0,0,1,0,0,0,0,1,341
0,1,1,4.113738609328736,2,4,0,0,1,0,0,0,0,1,678
0,3,1,3.0240767465631335,4,2,0,0,1,0,0,0,0,1,548
0,3,1,1.9810014688665833,1,5,0,0,1,0,0,0,0,1,428
0,3,1,2.0856720914304723,1,3,0,0,1,0,0,0,0,1,475
0,1,1,3.545418930411529,1,7,0,0,1,0,0,1,0,0,607
1,1,1,4.148805916338137,2,2,0,0,1,0,0,1,0,0,612
1,2,0,3.1354942159291497,2,3,0,0,0,1,0,0,0,1,117
0,2,1,3.258096538021482,2,3,0,0,1,0,0,0,0,1,150
0,3,0,2.0663309725297405,1,2,0,1,0,0,0,0,0,1,384
0,3,1,2.0663309725297405,1,3,0,0,1,0,0,0,0,1,361
0,1,1,4.347532234884687,2,2,0,0,1,0,0,0,0,1,417
0,3,1,2.158044752235899,1,3,0,0,1,0,0,0,0,1,505
0,3,1,2.0700223197633445,3,3,0,0,1,0,0,0,0,1,245
0,3,1,2.0663309725297405,1,2,0,0,1,0,0,0,0,1,354
1,3,0,2.0347056478384444,1,2,0,1,0,0,0,0,0,1,296
1,3,1,2.0509134580652977,1,3,0,0,1,0,0,0,0,1,254
0,3,1,2.0663309725297405,1,3,0,0,1,0,0,0,0,1,388
1,3,0,3.184284380098582,2,2,0,1,0,0,0,0,1,0,469
0,1,1,3.9512437185814275,1,4,0,0,1,0,0,0,0,1,2
0,3,0,2.6709850297651974,2,1,0,1,0,0,0,1,0,0,193
0,3,1,2.0856720914304723,1,2,0,0,1,0,0,0,0,1,274
0,3,0,2.284930157755325,2,2,0,1,0,0,0,0,0,1,491
0,3,0,2.671268644120752,1,1,0,1,0,0,0,1,0,0,176
0,3,1,2.0700223197633445,1,2,0,0,1,0,0,0,0,1,666
0,3,1,2.0476928433652555,1,7,0,0,1,0,0,0,1,0,460
0,2,1,3.044522437723423,2,2,0,0,1,0,0,0,0,1,53
0,1,1,5.5114946188815885,2,2,0,0,1,0,0,1,0,0,585
0,3,0,3.442819056352975,7,0,0,1,0,0,0,0,0,1,333
0,2,1,4.297285406218791,3,2,0,0,1,0,0,0,0,1,621
0,3,1,2.0856720914304723,1,3,0,0,1,0,0,0,0,1,540
0,2,1,3.4035546012358333,2,3,0,0,1,0,0,1,0,0,132
1,2,0,2.5649493574615367,1,3,0,1,0,0,0,0,0,1,219
0,1,1,4.347532234884687,2,5,0,0,1,0,0,0,0,1,417
1,3,1,2.419630078580691,2,1,1,0,0,0,0,1,0,0,186
0,3,1,2.0476928433652555,1,3,0,0,1,0,0,0,1,0,463
1,3,1,1.9659508432494155,1,2,0,0,1,0,0,0,0,1,541
1,3,0,3.107197616774036,3,2,0,1,0,0,0,1,0,0,196
0,3,1,1.9423323277074294,1,4,0,0,1,0,0,0,0,1,318
0,3,1,2.0663309725297405,1,3,0,0,1,0,0,1,0,0,380
0,3,1,1.9530276168241774,1,2,0,0,1,0,0,0,0,1,640
0,3,0,2.6741486494265287,2,4,0,0,0,1,0,0,0,1,537
1,2,0,3.258096538021482,2,2,0,0,0,1,0,0,0,1,111
0,2,1,2.5649493574615367,1,2,0,0,1,0,0,0,0,1,552
0,2,1,2.711098882480229,1,2,0,0,1,0,0,1,0,0,630
1,1,0,3.2689337565093157,3,1,0,1,0,0,0,0,0,1,55
0,1,1,3.9721769282478934,2,3,0,0,1,0,0,0,0,1,49
0,3,1,2.221017055930222,1,1,0,0,1,0,0,0,0,1,504
0,1,1,4.37197629882038,1,2,0,0,1,0,0,1,0,0,592
0,3,0,2.7243040552851014,3,3,0,0,0,1,0,1,0,0,203
1,3,0,2.0476928433652555,1,2,0,1,0,0,0,0,0,1,332
1,3,0,2.7631695003232895,2,2,0,0,0,1,0,0,0,1,668
0,3,1,1.9095425048844386,1,1,0,0,1,0,0,0,1,0,438
0,2,1,2.4423470353692043,1,1,0,0,1,0,0,0,0,1,118
0,2,1,3.6041382256588457,3,1,0,0,1,0,0,0,0,1,558
1,3,1,2.0535851271346086,1,2,0,0,1,0,0,0,0,1,405
0,3,0,3.5373295559867355,5,0,0,1,0,0,0,0,0,1,676
0,2,1,3.258096538021482,3,3,0,0,1,0,0,0,0,1,113
0,2,1,2.5649493574615367,1,4,0,0,0,0,1,0,0,1,147
0,2,1,2.5277266469709283,1,5,0,0,0,0,1,0,0,1,622
1,1,0,4.198704577546343,2,2,0,0,0,1,0,0,0,1,36
0,3,1,2.0856720914304723,1,5,0,0,1,0,0,0,0,1,516
0,3,1,2.6741486494265287,3,4,0,0,1,0,0,0,0,1,538
0,3,1,1.989585212557975,1,3,0,0,1,0,0,0,0,1,573
0,1,1,4.117071015545232,2,5,0,0,1,0,0,1,0,0,595
1,3,0,2.0455356796500372,1,1,0,1,0,0,0,0,1,0,418
0,3,1,2.0856720914304723,1,3,0,0,1,0,0,0,0,1,654
0,3,1,2.1590033645160216,1,3,0,0,1,0,0,0,0,1,258
0,3,1,4.242045918369452,11,0,1,0,0,0,0,0,0,1,568
0,3,1,2.7788192719904172,2,4,0,0,1,0,0,0,0,1,470
1,2,0,2.7568403652716422,1,4,0,0,0,1,0,0,0,1,559
0,3,1,2.0509134580652977,1,2,0,0,1,0,0,0,0,1,323
0,3,1,2.1590033645160216,1,1,0,0,1,0,0,0,0,1,265
0,3,1,3.6810362766529106,6,0,1,0,0,0,0,0,0,1,249
1,3,1,3.021643655338492,3,0,1,0,0,0,0,0,0,1,423
1,1,0,4.007333185232471,2,3,0,0,0,1,0,0,0,1,28
0,3,0,3.32862668882732,6,4,0,0,0,1,0,0,0,1,337
0,1,1,3.2552077541155913,1,3,0,0,1,0,0,0,0,1,576
0,3,1,4.034166299106131,1,2,0,0,1,0,0,0,0,1,80
0,1,1,3.5115454388310208,1,6,0,0,1,0,0,0,0,1,5
0,3,1,3.371596911885865,6,0,1,0,0,0,0,0,1,0,480
1,3,0,2.409940617298087,3,0,0,1,0,0,0,0,0,1,344
0,3,1,2.0700223197633445,1,2,0,0,1,0,0,0,0,1,659
0,1,1,3.424125837416519,1,5,0,0,1,0,0,1,0,0,90
0,3,1,2.061048420562944,3,1,0,0,1,0,0,0,0,1,412
0,3,1,3.237371716404032,5,0,1,0,0,0,0,0,0,1,488
0,1,0,3.3573325680152166,1,5,0,1,0,0,0,1,0,0,593
0,2,1,2.5649493574615367,1,3,0,0,1,0,0,0,0,1,169
0,3,1,0.0,1,3,0,0,1,0,0,0,0,1,574
0,3,0,4.242045918369452,11,2,0,1,0,0,0,0,0,1,568
0,2,1,2.711377991194885,1,3,0,0,1,0,0,1,0,0,629
0,3,1,3.4464097244837033,7,0,1,0,0,0,0,0,0,1,329
1,2,1,3.6635616461296463,4,0,1,0,0,0,0,0,0,1,114
1,3,0,3.092178171822243,3,0,0,1,0,0,0,0,0,1,271
0,1,1,3.912023005428146,1,3,0,0,1,0,0,0,0,1,34
1,3,0,2.740840023925201,2,3,0,0,0,1,0,0,1,0,459
1,1,1,3.279029747687948,1,4,0,0,1,0,0,0,0,1,11
0,3,1,2.740840023925201,3,4,0,0,1,0,0,0,1,0,435
0,3,1,2.0663309725297405,1,3,0,0,1,0,0,0,0,1,386
1,2,0,2.5649493574615367,1,3,0,0,0,1,0,0,0,1,122
0,2,1,2.5649493574615367,1,1,0,0,1,0,0,0,0,1,227
1,3,0,2.061048420562944,2,1,0,1,0,0,0,0,0,1,406
1,2,1,3.258096538021482,3,0,1,0,0,0,0,0,0,1,113
1,1,0,3.32218303393412,1,4,0,0,0,1,0,1,0,0,604
1,1,0,4.9871673979011675,1,5,0,1,0,0,0,1,0,0,586
0,3,1,2.0476928433652555,1,3,0,0,1,0,0,0,1,0,452
0,3,1,2.128731580890919,2,4,0,0,1,0,0,0,0,1,494
1,3,0,2.0476928433652555,1,2,0,1,0,0,0,0,1,0,461
0,2,0,2.5649493574615367,1,2,0,1,0,0,0,0,0,1,160
0,3,1,2.2512917986064953,1,2,0,0,1,0,0,0,0,1,306
0,3,1,4.242045918369452,11,3,0,0,1,0,0,0,0,1,568
0,3,1,1.8711558142080713,1,3,0,0,1,0,0,0,0,1,242
0,3,1,1.9775472339984959,1,4,0,0,1,0,0,1,0,0,177
1,3,1,2.0856720914304723,1,1,0,0,1,0,0,0,0,1,530
0,3,0,2.3477974358155937,2,0,0,1,0,0,0,0,0,1,316
0,3,1,2.7631695003232895,2,3,0,0,1,0,0,0,0,1,247
1,3,1,2.933191755079093,1,2,0,0,1,0,0,1,0,0,216
1,3,0,2.0476928433652555,1,1,0,1,0,0,0,0,1,0,445
1,1,1,3.4339872044851463,1,4,0,0,1,0,0,1,0,0,17
0,3,1,1.9530276168241774,1,2,0,0,1,0,0,0,0,1,642
1,2,0,3.044522437723423,1,3,0,1,0,0,0,0,0,1,570
0,3,1,1.9810014688665833,1,2,0,0,1,0,0,0,0,1,526
0,2,1,2.5649493574615367,1,3,0,0,1,0,0,0,0,1,163
0,3,1,2.0476928433652555,2,3,0,0,1,0,0,0,1,0,443
1,1,0,4.729818490553202,2,3,0,1,0,0,0,1,0,0,416
1,3,0,2.0700223197633445,1,2,0,1,0,0,0,0,0,1,670
0,2,1,3.295836866004329,2,4,0,0,1,0,0,0,0,1,142
1,1,0,4.334564151246186,1,3,0,1,0,0,0,1,0,0,63
0,2,1,2.3513752571634776,1,3,0,0,1,0,0,0,0,1,679
1,3,1,2.0856720914304723,1,1,0,0,1,0,0,0,0,1,653
0,2,1,2.5649493574615367,1,2,0,0,1,0,0,0,0,1,105
0,3,1,2.0856720914304723,1,5,0,0,1,0,0,0,0,1,102
0,3,1,2.0663309725297405,1,3,0,0,1,0,0,0,0,1,375
1,1,1,4.499809670330265,2,3,0,0,1,0,0,0,0,1,93
0,3,1,2.2353763433005955,1,2,0,0,1,0,0,0,0,1,615
1,2,1,2.3513752571634776,1,1,0,0,1,0,0,0,0,1,672
0,3,1,1.9810014688665833,1,2,0,0,1,0,0,0,0,1,525
0,2,1,2.5649493574615367,1,1,0,0,1,0,0,0,0,1,125
0,3,0,3.237371716404032,5,2,0,1,0,0,0,0,0,1,488
1,1,0,4.424547185829718,2,3,0,0,0,1,0,0,0,1,457
0,3,1,2.0509134580652977,1,2,0,0,1,0,0,0,0,1,322
0,2,1,2.6026896854443837,1,5,0,0,1,0,0,0,0,1,128
1,3,0,3.4464097244837033,7,0,0,1,0,0,0,0,0,1,329
0,2,1,2.3513752571634776,1,2,0,0,1,0,0,0,0,1,554
0,3,0,2.0215475632609334,1,2,0,1,0,0,0,0,0,1,677
0,2,1,3.258096538021482,2,4,0,0,1,0,0,0,0,1,198
1,2,0,3.2676659890376327,3,0,0,1,0,0,0,0,0,1,556
0,2,1,2.3513752571634776,1,1,0,0,1,0,0,0,0,1,231
0,2,1,2.507564673680584,1,3,0,0,1,0,0,0,0,1,636
0,3,0,2.6709850297651974,2,2,0,1,0,0,0,1,0,0,193
1,3,0,2.740840023925201,2,2,0,1,0,0,0,0,1,0,444
0,2,1,2.3513752571634776,1,2,0,0,1,0,0,0,0,1,674
0,3,1,1.9636097261547143,1,2,0,0,1,0,0,0,0,1,658
0,3,1,1.9775472339984959,1,3,0,0,1,0,0,1,0,0,213
0,1,1,4.499809670330265,3,4,0,0,1,0,0,0,1,0,92
0,3,0,2.0509134580652977,1,2,0,1,0,0,0,0,0,1,325
1,2,0,2.6741486494265287,3,2,0,0,0,1,0,0,0,1,166
1,1,1,3.961845018011234,3,3,0,0,1,0,0,0,0,1,54
0,2,1,3.258096538021482,2,5,0,0,0,0,1,0,0,1,144
0,3,1,1.9810014688665833,1,3,0,0,1,0,0,0,0,1,422
0,3,0,2.3477974358155937,3,2,0,0,0,1,0,0,0,1,316
0,1,1,3.279029747687948,1,6,0,0,1,0,0,0,0,1,31
0,3,1,2.7788192719904172,2,3,0,0,1,0,0,0,0,1,536
0,3,0,3.006301224903225,3,4,0,0,0,1,0,0,0,1,458
1,3,0,2.7243040552851014,3,2,0,0,0,1,0,1,0,0,185
1,1,0,4.37197629882038,1,3,0,0,0,1,0,1,0,0,589
1,1,0,4.460144413937834,1,3,0,1,0,0,0,0,0,1,0
1,1,0,6.238967387173662,1,3,0,1,0,0,0,1,0,0,608
1,2,0,3.258096538021482,2,5,0,0,0,1,0,0,0,1,115
0,3,1,2.0476928433652555,1,3,0,0,1,0,0,0,1,0,482
1,3,1,3.4464097244837033,7,0,1,0,0,0,0,0,0,1,329
0,1,1,4.3776420363560575,3,5,0,0,1,0,0,0,0,1,1
0,1,1,0.0,1,4,0,0,1,0,0,0,0,1,16
0,3,0,2.0476928433652555,1,2,0,1,0,0,0,0,1,0,478
0,2,1,2.3513752571634776,1,3,0,0,1,0,0,0,0,1,546
0,3,1,3.6810362766529106,6,1,0,0,1,0,0,0,0,1,249
1,3,1,2.0509134580652977,2,2,0,0,1,0,0,0,0,1,334
1,1,0,5.033456237506958,2,5,0,0,0,1,0,0,0,1,588
1,1,0,4.909954920578875,1,3,0,1,0,0,0,0,0,1,613
0,1,1,3.4339872044851463,1,3,0,0,1,0,0,0,0,1,47
1,3,1,0.0,1,2,0,0,1,0,0,0,0,1,574
1,2,0,2.970414465569701,2,4,0,0,0,1,0,0,0,1,162
0,1,1,3.391147045808654,2,3,0,0,1,0,0,1,0,0,594
1,3,0,2.0476928433652555,1,2,0,1,0,0,0,0,1,0,465
1,1,0,4.356174068347218,2,6,0,1,0,0,0,0,0,1,71
0,3,0,2.0476928433652555,1,4,0,1,0,0,0,0,0,1,326
0,2,1,0.0,1,3,0,0,1,0,0,0,0,1,135
0,3,1,3.371596911885865,6,0,1,0,0,0,0,0,1,0,480
1,3,0,3.0081547935525483,3,3,0,0,0,1,0,0,0,1,551
0,3,1,2.0476928433652555,1,6,0,0,1,0,0,0,1,0,290
0,3,1,2.061048420562944,1,2,0,0,1,0,0,0,0,1,340
0,3,1,2.2512917986064953,1,1,0,0,1,0,0,0,0,1,310
1,3,1,2.0856720914304723,1,1,0,0,1,0,0,0,0,1,533
0,1,1,3.258096538021482,1,3,0,0,1,0,0,0,0,1,24
0,3,1,2.1590033645160216,1,3,0,0,1,0,0,1,0,0,378
1,3,1,2.2512917986064953,1,3,0,0,1,0,0,0,0,1,308
0,3,1,2.0663309725297405,1,2,0,0,1,0,0,0,0,1,353
1,2,1,2.5649493574615367,1,4,0,0,1,0,0,0,0,1,134
1,3,0,2.0476928433652555,1,2,0,1,0,0,0,0,1,0,464
1,1,0,4.367547313409047,1,2,0,1,0,0,0,0,0,1,91
1,1,0,4.51172945766992,2,1,0,0,0,1,0,1,0,0,64
0,2,1,2.5552874465497997,1,3,0,0,1,0,0,1,0,0,635
0,3,0,2.180417459019838,1,2,0,1,0,0,0,0,0,1,376
0,3,1,2.0663309725297405,1,2,0,0,1,0,0,0,0,1,374
0,1,1,3.32218303393412,1,3,0,0,1,0,0,1,0,0,606
0,3,1,1.9781283799793465,1,2,0,0,1,0,0,1,0,0,212
0,1,0,5.020915603503812,4,0,0,1,0,0,0,0,0,1,37
1,1,1,3.417726683613366,1,3,0,0,1,0,0,0,0,1,98
1,1,0,5.5114946188815885,2,5,0,0,0,1,0,1,0,0,585
1,3,0,2.0476928433652555,1,2,0,1,0,0,0,0,1,0,513
1,3,1,3.1463051320333655,3,3,0,0,1,0,0,0,1,0,441
0,3,1,0.0,1,1,0,0,1,0,0,0,0,1,574
1,2,0,2.513656063073986,1,2,0,1,0,0,0,0,1,0,109
0,3,1,2.0856720914304723,1,3,0,0,1,0,0,0,0,1,527
1,1,1,5.020915603503812,4,0,1,0,0,0,0,0,0,1,37
1,1,0,4.708478296903478,1,2,0,1,0,0,0,1,0,0,83
1,1,0,4.690430029938915,2,1,0,0,0,1,0,1,0,0,611
0,2,1,3.1780538303479458,2,3,0,0,1,0,0,1,0,0,575
1,1,0,4.041808390519271,1,3,0,1,0,0,0,1,0,0,584
1,1,0,4.4207460202604185,1,2,0,1,0,0,0,1,0,0,59
1,1,0,5.569774778140797,5,1,0,1,0,0,0,1,0,0,602
0,2,0,3.258096538021482,3,2,0,0,0,1,0,0,0,1,167
0,3,1,2.0663309725297405,1,2,0,0,1,0,0,0,0,1,382
0,2,1,3.2676659890376327,3,4,0,0,1,0,0,0,0,1,571
1,3,0,2.061048420562944,1,2,0,1,0,0,0,0,0,1,343
1,2,0,3.258096538021482,2,2,0,0,0,1,0,0,0,1,150
0,2,1,2.6390573296152584,1,5,0,0,1,0,0,0,0,1,232
1,1,0,5.1051372686027685,3,3,0,1,0,0,0,0,0,1,453
1,1,0,4.901564199041894,3,4,0,0,0,1,0,1,0,0,81
0,3,1,1.9810014688665833,1,2,0,0,1,0,0,0,0,1,524
0,3,1,2.0663309725297405,1,2,0,0,1,0,0,0,0,1,365
1,2,0,2.513656063073986,1,3,0,1,0,0,0,0,1,0,124
1,2,0,3.367295829986474,3,2,0,0,0,1,0,0,0,1,158
0,3,1,4.242045918369452,11,3,0,0,1,0,0,0,0,1,568
1,1,0,4.909954920578875,1,3,0,1,0,0,0,1,0,0,613
0,3,1,1.830579461077637,1,6,0,0,1,0,0,0,0,1,299
1,2,0,2.5649493574615367,1,3,0,0,0,1,0,0,0,1,229
1,3,0,3.021643655338492,3,3,0,0,0,1,0,0,0,1,423
1,1,0,4.0600843255369865,2,1,0,1,0,0,0,1,0,0,7
1,3,0,3.1463051320333655,3,2,0,1,0,0,0,0,1,0,441
0,1,1,3.349904087274605,1,4,0,0,1,0,0,0,0,1,20
0,1,1,5.033456237506958,2,3,0,0,1,0,0,0,0,1,588
0,3,1,2.8903717578961645,3,1,0,0,1,0,0,0,0,1,302
1,1,0,4.895224442584928,2,3,0,0,0,1,0,0,0,1,605
0,3,1,2.0663309725297405,1,3,0,0,1,0,0,0,0,1,370
0,1,1,4.198704577546343,2,2,0,0,1,0,0,0,0,1,36
1,1,0,4.901564199041894,1,4,0,1,0,0,0,1,0,0,81
1,3,1,2.0856720914304723,1,4,0,0,1,0,0,0,0,1,510
0,1,1,3.56953269648137,1,4,0,0,1,0,0,0,0,1,39
1,2,1,3.258096538021482,3,0,1,0,0,0,0,0,0,1,113
1,1,0,5.572154032177765,6,2,0,1,0,0,0,0,0,1,95
0,2,1,2.5649493574615367,1,2,0,0,1,0,0,0,0,1,159
0,2,1,2.5649493574615367,1,2,0,0,1,0,0,0,0,1,149
0,2,1,2.5649493574615367,1,3,0,0,1,0,0,0,0,1,112
1,2,0,2.5649493574615367,1,2,0,1,0,0,0,0,0,1,157
1,2,0,2.5649493574615367,1,4,0,1,0,0,0,0,0,1,257
1,3,0,2.7788192719904172,2,3,0,0,0,1,0,0,0,1,483
1,3,1,2.766319109226186,3,0,1,0,0,0,0,0,0,1,562
0,3,1,2.1590033645160216,1,4,0,0,1,0,0,0,0,1,262
0,3,1,2.221917189926591,1,2,0,0,1,0,0,0,0,1,503
0,1,1,3.5553480614894135,1,3,0,0,1,0,0,0,0,1,30
0,3,1,1.9781283799793465,3,1,0,0,1,0,0,1,0,0,214
0,3,1,2.8791984572980396,2,2,0,0,1,0,0,0,0,1,377
0,3,1,1.9775472339984959,1,3,0,0,1,0,0,1,0,0,182
0,3,1,2.2512917986064953,1,2,0,0,1,0,0,0,0,1,314
1,1,0,4.007333185232471,2,2,0,1,0,0,0,0,0,1,28
0,2,0,2.5649493574615367,1,3,0,1,0,0,0,0,0,1,131
1,3,0,2.0642263758733557,1,2,0,1,0,0,0,0,1,0,279
1,3,0,2.0642263758733557,1,2,0,1,0,0,0,0,1,0,285
0,3,1,3.32862668882732,6,4,0,0,1,0,0,0,0,1,337
0,2,1,3.32218303393412,2,2,0,0,1,0,0,1,0,0,633
0,3,0,2.6709850297651974,2,4,0,0,0,1,0,1,0,0,211
0,3,1,1.9530276168241774,1,3,0,0,1,0,0,0,0,1,641
0,3,1,2.740840023925201,2,3,0,0,1,0,0,0,1,0,459
0,3,1,1.9810014688665833,1,3,0,0,1,0,0,0,0,1,544
1,1,0,4.3208159036289855,2,6,0,0,0,1,0,1,0,0,4
1,3,0,1.9781283799793465,1,3,0,0,0,1,0,1,0,0,175
1,3,0,2.0476928433652555,1,2,0,1,0,0,0,0,1,0,78
1,1,0,4.238444906195857,1,2,0,1,0,0,0,1,0,0,581
1,1,1,4.015332018192187,2,2,0,0,1,0,0,1,0,0,58
0,3,1,1.8711558142080713,2,1,0,0,1,0,0,0,0,1,244
0,3,1,2.0856720914304723,1,1,0,0,1,0,0,0,0,1,273
0,1,1,4.909954920578875,1,2,0,0,1,0,0,1,0,0,613
0,3,0,3.048087503887919,5,0,0,1,0,0,0,0,0,1,395
1,1,0,4.408800007809053,2,3,0,0,0,1,0,1,0,0,600
1,3,0,1.9810014688665833,1,2,0,1,0,0,0,0,0,1,545
0,1,1,5.354224998486333,3,2,0,0,1,0,0,1,0,0,27
0,3,1,1.3894144884561344,1,2,0,0,1,0,0,1,0,0,183
0,3,1,2.0509134580652977,1,1,0,0,1,0,0,0,0,1,324
1,1,0,5.427260122463419,1,4,0,1,0,0,0,1,0,0,610
1,3,0,2.7563132422397203,3,0,0,1,0,0,0,1,0,0,187
0,3,1,2.0700223197633445,1,3,0,0,1,0,0,0,0,1,665
1,1,0,3.9512437185814275,2,3,0,0,0,1,0,0,0,1,43
0,3,1,2.0663309725297405,1,3,0,0,1,0,0,0,0,1,371
0,2,1,4.297285406218791,1,1,0,0,1,0,0,0,0,1,621
0,3,1,3.8480176754522337,8,0,1,0,0,0,0,0,0,1,566
1,2,0,2.5649493574615367,1,3,0,1,0,0,0,0,0,1,220
0,3,1,2.0450053643587083,1,3,0,0,1,0,0,0,1,0,447
1,2,0,2.4849066497880004,1,1,0,1,0,0,0,1,0,0,625
1,1,1,4.787491742782046,4,3,0,0,1,0,0,0,0,1,33
1,3,1,2.0535851271346086,1,2,0,0,1,0,0,0,0,1,401
0,3,1,2.0700223197633445,3,2,0,0,1,0,0,0,0,1,246
1,1,0,4.729818490553202,2,2,0,1,0,0,0,1,0,0,416
1,3,0,2.8154087194227095,3,2,0,0,0,1,0,0,0,1,616
0,3,1,2.0535851271346086,1,2,0,0,1,0,0,0,0,1,410
0,3,0,2.061048420562944,1,3,0,1,0,0,0,0,0,1,414
0,2,1,3.258096538021482,1,4,0,0,1,0,0,0,0,1,226
0,2,1,2.3513752571634776,1,2,0,0,1,0,0,0,0,1,146
1,2,0,2.5376572151735295,1,2,0,0,0,1,0,0,0,1,140
1,3,1,2.0700223197633445,1,3,0,0,1,0,0,0,0,1,663
0,3,1,2.0856720914304723,1,2,0,0,1,0,0,0,0,1,292
0,3,0,2.284930157755325,2,2,0,1,0,0,0,0,0,1,492
0,3,1,2.7631695003232895,2,2,0,0,1,0,0,0,0,1,668
0,3,0,2.1590033645160216,1,2,0,1,0,0,0,0,0,1,267
0,2,1,3.044522437723423,2,3,0,0,1,0,0,0,0,1,230
0,3,1,2.0476928433652555,1,5,0,0,1,0,0,0,0,1,321
1,2,1,2.9311937524164198,3,0,1,0,0,0,0,0,0,1,237
0,3,1,2.0509134580652977,1,2,0,0,1,0,0,0,0,1,255
0,3,0,3.237371716404032,5,2,0,1,0,0,0,0,0,1,488
0,3,1,2.0663309725297405,1,3,0,0,1,0,0,0,0,1,367
0,3,1,1.925459597615898,1,3,0,0,1,0,0,0,1,0,487
1,1,0,4.499809670330265,2,3,0,1,0,0,0,0,1,0,92
0,2,1,0.0,1,3,0,0,1,0,0,0,0,1,135
1,3,1,2.0700223197633445,1,4,0,0,1,0,0,0,0,1,655
0,3,0,2.0856720914304723,1,3,0,0,0,1,0,0,0,1,295
1,2,0,3.481240089335692,3,3,0,0,0,1,0,0,0,1,224
1,2,0,2.5649493574615367,3,1,0,1,0,0,0,0,0,1,168
0,2,1,2.5649493574615367,1,3,0,0,1,0,0,0,0,1,225
0,3,0,3.184284380098582,3,1,0,1,0,0,0,0,0,1,307
0,3,1,2.0663309725297405,1,3,0,0,1,0,0,1,0,0,392
0,3,1,2.0455356796500372,1,2,0,0,1,0,0,0,1,0,534
0,3,1,2.063693184711697,1,2,0,0,1,0,0,0,0,1,259
0,3,0,2.667228206581955,3,2,0,0,0,1,0,0,0,1,331
0,3,1,3.006301224903225,3,1,0,0,1,0,0,0,0,1,458
0,3,1,1.9810014688665833,1,3,0,0,1,0,0,0,0,1,521
1,2,0,3.258096538021482,2,2,0,0,0,1,0,0,0,1,100
1,2,0,3.258096538021482,1,1,0,1,0,0,0,0,0,1,170
0,3,1,2.0476928433652555,1,3,0,0,1,0,0,0,1,0,437
1,3,1,2.0856720914304723,1,3,0,0,1,0,0,0,0,1,644
1,1,1,3.279029747687948,1,2,0,0,1,0,0,0,0,1,3
1,3,0,2.7788192719904172,2,3,0,0,0,1,0,0,0,1,476
1,2,0,3.258096538021482,2,4,0,0,0,1,0,0,0,1,627
0,3,1,1.9636097261547143,1,1,0,0,1,0,0,0,0,1,657
0,1,1,4.023564380161053,2,5,0,0,1,0,0,0,0,1,72
1,1,0,4.787491742782046,4,1,0,1,0,0,0,0,0,1,33
0,3,0,3.5373295559867355,5,2,0,1,0,0,0,0,0,1,676
1,2,0,2.9311937524164198,6,2,0,0,0,1,0,0,0,1,237
0,1,1,5.572154032177765,6,6,0,0,1,0,0,0,0,1,95
0,2,1,2.3513752571634776,1,3,0,0,1,0,0,0,0,1,547
1,2,0,3.2676659890376327,3,4,0,0,0,1,0,0,0,1,571
0,3,1,2.2512917986064953,1,2,0,0,1,0,0,0,0,1,305
0,3,1,2.0509134580652977,2,2,0,0,1,0,0,0,0,1,328
1,2,0,2.5649493574615367,1,2,0,1,0,0,0,0,0,1,116
1,3,1,2.0934060820302083,1,3,0,0,1,0,0,0,0,1,499
1,1,1,4.404989703685167,3,0,1,0,0,0,0,0,0,1,289
1,2,0,2.970414465569701,2,1,0,1,0,0,0,0,0,1,162
1,1,1,3.279029747687948,1,3,0,0,1,0,0,0,0,1,45
1,3,0,2.957942136638392,4,0,0,1,0,0,0,1,0,0,194
1,1,1,3.417726683613366,1,5,0,0,1,0,0,0,0,1,40
0,2,1,3.3232358401924436,4,3,0,0,1,0,0,0,0,1,561
0,3,1,2.9940658859009823,2,3,0,0,1,0,0,0,0,1,497
0,1,1,3.3232358401924436,1,3,0,0,1,0,0,1,0,0,22
1,1,1,4.489806471412939,2,4,0,0,1,0,0,1,0,0,84
0,3,1,2.0856720914304723,1,3,0,0,1,0,0,0,0,1,528
1,3,1,2.0663309725297405,1,2,0,0,1,0,0,1,0,0,379
0,1,1,3.279029747687948,1,6,0,0,1,0,0,0,0,1,73
1,1,0,3.948595985658986,2,3,0,0,0,1,0,0,0,1,86
1,2,0,2.3513752571634776,1,5,0,1,0,0,0,0,0,1,572
0,3,1,2.0476928433652555,1,3,0,0,1,0,0,0,1,0,468
1,1,1,3.279029747687948,1,4,0,0,1,0,0,0,0,1,96
0,3,1,2.0856720914304723,1,3,0,0,1,0,0,0,0,1,429
0,1,1,3.6506582412937387,1,4,0,0,1,0,0,0,0,1,6
0,2,1,2.5649493574615367,1,4,0,0,1,0,0,0,0,1,121
0,3,1,2.0856720914304723,1,3,0,0,1,0,0,0,0,1,539
0,3,1,1.9530276168241774,1,3,0,0,1,0,0,0,0,1,639
0,2,1,0.0,1,3,0,0,1,0,0,0,0,1,135
0,1,1,3.279029747687948,1,5,0,0,1,0,0,0,0,1,44
0,3,1,2.044461822783809,1,3,0,0,1,0,0,0,1,0,421
1,3,0,2.957942136638392,4,0,0,1,0,0,0,1,0,0,194
0,3,1,1.9810014688665833,1,3,0,0,1,0,0,0,0,1,272
0,3,1,2.1590033645160216,1,3,0,0,1,0,0,0,0,1,263
1,2,0,3.3232358401924436,4,3,0,0,0,1,0,0,0,1,561
1,2,0,2.6240669619446257,1,2,0,0,0,1,0,1,0,0,628
0,3,0,2.2862016137435215,1,2,0,1,0,0,0,0,0,1,509
0,1,1,3.9512437185814275,1,3,0,0,1,0,0,0,0,1,2
0,2,1,3.044522437723423,2,3,0,0,1,0,0,0,0,1,252
0,3,1,1.9524316946169533,2,2,0,0,1,0,0,0,0,1,315
0,3,1,2.017672515282204,1,2,0,0,1,0,0,0,0,1,411
1,3,0,2.5085824854732848,2,0,0,1,0,0,0,0,0,1,251
0,3,1,3.8480176754522337,8,0,1,0,0,0,0,0,0,1,566
0,2,1,0.0,1,3,0,0,1,0,0,0,0,1,136
0,3,1,2.0856720914304723,1,5,0,0,1,0,0,0,0,1,531
1,3,0,2.260460166693375,1,6,0,0,0,1,0,0,0,1,489
1,1,1,4.51172945766992,2,2,0,0,1,0,0,1,0,0,64
0,3,0,3.237371716404032,5,2,0,1,0,0,0,0,0,1,488
1,1,0,4.499809670330265,2,3,0,0,0,1,0,0,0,1,93
0,1,1,3.391147045808654,1,5,0,0,1,0,0,1,0,0,61
0,3,1,2.0856720914304723,1,3,0,0,1,0,0,0,0,1,517
1,3,1,2.766319109226186,3,0,1,0,0,0,0,0,0,1,562
0,3,1,2.9940658859009823,2,3,0,0,1,0,0,0,0,1,498
0,3,1,1.9810014688665833,1,2,0,0,1,0,0,0,0,1,649
0,1,1,3.417726683613366,1,5,0,0,1,0,0,0,0,1,41
0,1,1,3.902057514460064,1,7,0,0,1,0,0,1,0,0,603
0,3,1,2.0856720914304723,1,2,0,0,1,0,0,0,0,1,518
0,3,1,2.671268644120752,1,3,0,0,1,0,0,1,0,0,176
1,1,0,4.3601222251801195,2,5,0,1,0,0,0,1,0,0,454
0,3,1,2.714694743820879,1,3,0,0,1,0,0,0,0,1,564
0,1,0,5.020915603503812,4,2,0,0,0,1,0,0,0,1,37
0,3,1,2.0535851271346086,1,2,0,0,1,0,0,0,0,1,402
0,3,1,2.1590033645160216,1,1,0,0,1,0,0,0,0,1,261
0,3,0,2.0476928433652555,1,2,0,1,0,0,0,0,1,0,433
0,3,0,2.0319829905201345,1,2,0,1,0,0,0,0,1,0,276
0,3,0,2.260460166693375,1,3,0,1,0,0,0,0,0,1,490
1,1,0,4.460144413937834,1,1,0,1,0,0,0,0,0,1,0
0,1,1,4.690430029938915,2,1,0,0,1,0,0,1,0,0,611
1,2,0,3.258096538021482,3,3,0,0,0,1,0,0,0,1,180
1,1,1,3.279029747687948,1,3,0,0,1,0,0,0,0,1,10
0,3,1,3.1146258034944014,1,2,0,0,1,0,0,0,0,1,542
1,3,1,4.034166299106131,1,2,0,0,1,0,0,0,0,1,80
1,3,1,2.0476928433652555,1,2,0,0,1,0,0,0,1,0,479
0,3,1,2.0856720914304723,1,3,0,0,1,0,0,0,0,1,648
1,1,1,3.2690935410288184,1,3,0,0,1,0,0,0,0,1,577
1,1,0,4.084294226368599,2,5,0,0,0,1,0,1,0,0,599
0,3,1,2.0143428636837015,1,2,0,0,1,0,0,0,0,1,356
0,1,1,3.5269721022703,1,4,0,0,1,0,0,0,0,1,456
1,2,0,2.3513752571634776,1,3,0,0,0,1,0,0,0,1,560
0,3,1,3.184284380098582,1,3,0,0,1,0,0,0,1,0,469
1,2,0,3.258096538021482,2,3,0,0,0,1,0,0,0,1,110
0,3,1,2.0663309725297405,1,3,0,0,1,0,0,0,0,1,381
1,1,0,4.537961436294641,1,3,0,1,0,0,0,0,0,1,67
0,3,1,2.0663309725297405,1,2,0,0,1,0,0,0,0,1,390
0,3,1,1.9775472339984959,1,3,0,0,1,0,0,1,0,0,173
1,1,0,4.0600843255369865,2,4,0,0,0,1,0,1,0,0,7
0,3,1,1.9781283799793465,1,3,0,0,1,0,0,1,0,0,217
0,3,1,2.0476928433652555,1,4,0,0,1,0,0,0,1,0,446
1,2,0,2.3513752571634776,1,5,0,1,0,0,0,0,0,1,673
0,1,1,5.401682292340279,1,3,0,0,1,0,0,0,0,1,583
0,3,1,2.0700223197633445,1,3,0,0,1,0,0,0,0,1,250
0,2,1,2.4423470353692043,4,2,0,0,1,0,0,0,0,1,235
1,2,0,3.258096538021482,3,0,0,1,0,0,0,0,0,1,180
0,3,1,1.9781283799793465,1,3,0,0,1,0,0,1,0,0,181
0,3,1,1.9781283799793465,3,1,0,0,1,0,0,1,0,0,210
1,3,0,3.107197616774036,3,3,0,0,0,1,0,1,0,0,196
0,3,0,2.1590033645160216,1,3,0,1,0,0,0,0,0,1,260
1,2,0,3.2676659890376327,3,0,0,1,0,0,0,0,0,1,571
0,1,1,3.279029747687948,1,4,0,0,1,0,0,0,0,1,21
1,1,0,4.667440511714216,1,3,0,1,0,0,0,1,0,0,614
0,3,1,2.6741486494265287,1,3,0,0,1,0,0,0,0,1,426
1,1,0,3.901972669574645,3,2,0,1,0,0,0,1,0,0,75
1,1,0,4.2626798770413155,3,3,0,1,0,0,0,0,0,1,680
0,3,0,3.442819056352975,7,0,0,1,0,0,0,0,0,1,333
0,3,0,3.442819056352975,7,1,0,1,0,0,0,0,0,1,333
1,2,1,3.258096538021482,2,3,0,0,1,0,0,0,0,1,233
0,1,1,4.667440511714216,2,5,0,0,1,0,0,1,0,0,614
0,1,1,3.258096538021482,1,6,0,0,1,0,0,0,0,1,501
1,2,0,3.258096538021482,2,1,0,0,0,1,0,0,0,1,233
1,2,1,2.6291873526764853,1,3,0,0,1,0,0,1,0,0,631
0,3,1,3.021643655338492,3,3,0,0,1,0,0,0,0,1,423
1,2,1,3.6041382256588457,3,0,1,0,0,0,0,0,0,1,558
1,1,1,4.708478296903478,3,1,0,0,1,0,0,1,0,0,83
0,2,1,3.258096538021482,1,2,0,0,1,0,0,0,0,1,148
0,3,1,2.0578603336462318,1,3,0,0,1,0,0,0,1,0,284
1,3,1,1.9775472339984959,1,2,0,0,1,0,0,1,0,0,171
1,3,0,2.0509134580652977,1,2,0,1,0,0,0,0,0,1,335
0,1,1,3.279029747687948,1,6,0,0,1,0,0,0,0,1,52
1,1,0,3.6788291182604347,2,4,0,0,0,1,0,1,0,0,57
0,1,1,5.427260122463419,1,3,0,0,1,0,0,1,0,0,610
1,1,0,4.3776420363560575,3,3,0,0,0,1,0,0,0,1,1
1,3,0,2.856470206220483,2,3,0,0,0,1,0,0,0,1,300
0,3,1,2.0476928433652555,1,3,0,0,1,0,0,0,1,0,471
0,3,1,2.0663309725297405,1,4,0,0,1,0,0,0,0,1,389
0,2,1,2.6026896854443837,1,2,0,0,1,0,0,0,0,1,103
0,3,1,2.0856720914304723,1,3,0,0,1,0,0,0,0,1,651
0,3,0,2.0856720914304723,1,2,0,1,0,0,0,0,0,1,645
0,3,1,3.184284380098582,3,2,0,0,1,0,0,0,0,1,519
0,3,1,2.0663309725297405,1,1,0,0,1,0,0,0,0,1,352
0,3,0,3.048087503887919,5,2,0,0,0,1,0,0,0,1,395
0,3,1,1.9781283799793465,1,3,0,0,1,0,0,1,0,0,207
1,3,1,2.061048420562944,1,3,0,0,1,0,0,0,0,1,415
1,2,1,2.3513752571634776,1,6,0,0,1,0,0,0,0,1,624
1,1,0,3.9411778425916384,3,5,0,0,0,1,0,0,0,1,60
1,1,1,3.272890413174439,1,3,0,0,1,0,0,0,0,1,578
1,3,0,2.0476928433652555,1,2,0,1,0,0,0,0,1,0,77
0,3,1,2.0856720914304723,1,1,0,0,1,0,0,0,0,1,520
0,3,1,2.6741486494265287,1,1,0,0,1,0,0,0,0,1,420
1,2,0,2.5649493574615367,1,3,0,1,0,0,0,0,0,1,143
1,1,0,4.023564380161053,2,3,0,0,0,1,0,0,0,1,72
0,3,0,2.671268644120752,2,3,0,0,0,1,0,1,0,0,209
1,3,1,2.0700223197633445,1,3,0,0,1,0,0,0,0,1,661
1,2,0,3.4011973816621555,3,2,0,1,0,0,0,0,0,1,133
1,1,0,4.708478296903478,3,3,0,0,0,1,0,1,0,0,83
0,2,1,3.258096538021482,1,5,0,0,1,0,0,0,0,1,226
0,1,1,3.69199958145018,1,3,0,0,1,0,0,1,0,0,68
0,3,1,2.1647587760866425,1,3,0,0,1,0,0,1,0,0,291
1,1,0,4.3776420363560575,3,1,0,1,0,0,0,0,0,1,1
0,2,1,2.70805020110221,1,4,0,0,1,0,0,0,0,1,129
1,1,1,4.37197629882038,3,6,0,0,1,0,0,1,0,0,74
0,3,1,2.0856720914304723,1,2,0,0,1,0,0,0,0,1,79
0,3,1,2.0856720914304723,1,3,0,0,1,0,0,0,0,1,515
0,3,1,1.9636097261547143,1,3,0,0,1,0,0,0,0,1,656
1,1,0,4.3601222251801195,2,5,0,0,0,1,0,1,0,0,454
0,3,1,1.9810014688665833,1,4,0,0,1,0,0,0,0,1,532
0,3,0,2.0476928433652555,3,2,0,1,0,0,0,0,1,0,434
0,2,1,3.258096538021482,2,3,0,0,1,0,0,0,0,1,626
0,3,1,3.184284380098582,3,3,0,0,1,0,0,0,0,1,307
1,2,0,3.4965075614664802,1,2,0,1,0,0,0,0,0,1,155
0,3,1,0.0,1,4,0,0,1,0,0,0,0,1,574
0,3,1,1.9775472339984959,1,3,0,0,1,0,0,1,0,0,192
1,1,1,4.041808390519271,2,4,0,0,1,0,0,1,0,0,584
1,2,0,3.295836866004329,4,2,0,0,0,1,0,0,0,1,142
0,3,1,2.0663309725297405,1,3,0,0,1,0,0,0,0,1,360
0,1,1,3.7471483622379123,1,3,0,0,1,0,0,0,0,1,46
0,3,1,2.0856720914304723,1,4,0,0,1,0,0,0,0,1,430
1,1,1,3.279029747687948,1,3,0,0,1,0,0,1,0,0,9
0,3,1,2.744060638625243,2,3,0,0,1,0,0,0,0,1,396
0,3,1,2.0663309725297405,1,3,0,0,1,0,0,0,0,1,385
1,1,1,3.417726683613366,1,2,0,0,1,0,0,0,0,1,50
1,2,0,3.7276000422255353,4,2,0,0,0,1,0,1,0,0,634
1,1,0,5.033456237506958,1,4,0,1,0,0,0,0,0,1,588
0,3,0,3.442819056352975,7,3,0,0,0,1,0,0,0,1,333
0,3,1,1.9530276168241774,1,3,0,0,1,0,0,0,0,1,638
1,3,0,2.740840023925201,2,2,0,1,0,0,0,0,1,0,444
0,3,1,2.0476928433652555,1,3,0,0,1,0,0,0,1,0,467
0,3,1,2.0856720914304723,1,3,0,0,1,0,0,0,0,1,431
1,2,0,4.174387269895637,4,2,0,1,0,0,0,0,0,1,106
0,3,1,2.667228206581955,3,3,0,0,1,0,0,0,0,1,331
0,3,0,2.7788192719904172,2,2,0,0,0,1,0,0,0,1,536
1,2,0,3.6635616461296463,4,0,0,1,0,0,0,0,0,1,114
0,2,1,2.3513752571634776,1,2,0,0,1,0,0,0,0,1,253
0,3,1,2.6709850297651974,2,2,0,0,1,0,0,1,0,0,188
1,1,1,3.961845018011234,2,4,0,0,1,0,0,0,0,1,56
1,3,1,2.7563132422397203,3,2,0,0,1,0,0,1,0,0,187
0,3,1,2.061048420562944,1,2,0,0,1,0,0,0,0,1,400
0,3,1,2.7788192719904172,1,2,0,0,1,0,0,0,0,1,495
0,1,1,3.4757109858218045,1,6,0,0,1,0,0,0,0,1,455
0,2,1,2.513656063073986,1,5,0,0,0,0,1,0,1,0,104
1,1,0,4.356174068347218,1,2,0,1,0,0,0,0,0,1,71
0,3,1,2.0663309725297405,1,2,0,0,1,0,0,0,0,1,369
0,3,1,2.0455356796500372,1,3,0,0,1,0,0,0,1,0,286
1,1,1,3.4011973816621555,1,7,0,0,1,0,0,0,0,1,218
0,3,1,1.9536231841196134,1,5,0,0,1,0,0,0,0,1,345
1,1,1,3.417726683613366,1,3,0,0,1,0,0,1,0,0,70
0,1,1,0.0,1,3,0,0,1,0,0,0,0,1,13
0,3,0,3.32862668882732,6,0,0,1,0,0,0,0,0,1,337
1,2,0,2.5649493574615367,1,2,0,1,0,0,0,0,0,1,130
0,3,1,2.0700223197633445,1,3,0,0,1,0,0,0,0,1,664
0,2,1,3.2676659890376327,3,3,0,0,1,0,0,0,0,1,556
0,3,0,3.6810362766529106,6,4,0,0,0,1,0,0,0,1,249
0,3,1,2.7788192719904172,2,3,0,0,1,0,0,0,0,1,476
0,3,1,2.061048420562944,1,2,0,0,1,0,0,0,0,1,409
1,1,0,4.238444906195857,1,2,0,0,0,0,0,1,0,0,581
0,3,0,3.32862668882732,6,0,0,1,0,0,0,0,0,1,337
1,3,1,4.034166299106131,1,3,0,0,1,0,0,0,0,1,80
1,3,0,2.957942136638392,4,0,0,1,0,0,0,1,0,0,194
1,1,1,4.340282339965535,2,4,0,0,1,0,0,1,0,0,587
0,3,1,2.0663309725297405,1,1,0,0,1,0,0,0,0,1,373
1,1,1,3.56953269648137,1,5,0,0,0,0,1,1,0,0,69
0,3,1,2.0215475632609334,1,3,0,0,1,0,0,0,0,1,620
1,3,0,2.0215475632609334,1,2,0,1,0,0,0,0,0,1,567
0,3,1,2.0663309725297405,1,3,0,0,1,0,0,0,0,1,366
1,2,0,3.1354942159291497,2,1,0,1,0,0,0,0,0,1,117
0,3,1,2.132188154488383,1,2,0,0,1,0,0,0,0,1,512
1,3,0,2.0578603336462318,1,2,0,1,0,0,0,0,1,0,277
0,3,0,1.9095425048844386,1,1,0,1,0,0,0,0,1,0,439
0,2,1,4.297285406218791,3,2,0,0,1,0,0,0,0,1,621
0,3,1,2.0663309725297405,1,3,0,0,1,0,0,0,0,1,368
0,3,0,2.740840023925201,3,3,0,0,0,1,0,0,1,0,435
0,2,1,2.5649493574615367,1,2,0,0,1,0,0,0,0,1,241
0,1,1,4.729818490553202,3,5,0,0,1,0,0,1,0,0,416
1,1,1,4.895224442584928,3,5,0,0,1,0,0,0,0,1,605
0,3,1,1.9775472339984959,1,4,0,0,1,0,0,1,0,0,172
0,1,1,3.2421039509874077,1,4,0,0,1,0,0,0,0,1,496
0,3,1,2.0143428636837015,1,3,0,0,1,0,0,0,0,1,357
1,3,1,2.0700223197633445,2,2,0,0,1,0,0,0,0,1,660
0,2,1,4.297285406218791,3,3,0,0,1,0,0,0,0,1,621
0,2,1,2.5649493574615367,1,2,0,0,1,0,0,0,0,1,123
0,3,1,2.0509134580652977,1,3,0,0,1,0,0,0,0,1,256
0,3,1,2.0856720914304723,1,4,0,0,1,0,0,0,0,1,529
1,1,0,3.9512437185814275,2,3,0,0,0,1,0,0,0,1,99
1,2,0,3.6635616461296463,3,4,0,0,0,1,0,0,0,1,240
0,1,1,3.9512437185814275,2,3,0,0,1,0,0,0,0,1,569
0,2,1,2.3513752571634776,1,7,0,0,1,0,0,0,0,1,550
1,2,1,2.5649493574615367,1,3,0,0,1,0,0,0,0,1,145
0,2,1,0.0,1,3,0,0,1,0,0,0,0,1,138
0,3,1,2.0509134580652977,1,1,0,0,1,0,0,0,0,1,397
0,3,1,2.0856720914304723,1,2,0,0,1,0,0,0,0,1,294
1,3,0,2.286628460369784,1,1,0,1,0,0,0,0,0,1,493
0,3,0,3.8480176754522337,8,4,0,0,0,1,0,0,0,1,566
1,1,1,6.238967387173662,2,3,0,0,1,0,0,1,0,0,608
0,3,0,2.0964830075346876,1,2,0,1,0,0,0,0,1,0,281
1,1,1,4.340282339965535,1,2,0,0,1,0,0,1,0,0,587
0,3,1,2.221917189926591,1,2,0,0,1,0,0,0,0,1,500
0,3,1,3.8480176754522337,8,1,0,0,1,0,0,0,0,1,566
0,2,1,3.6635616461296463,3,6,0,0,1,0,0,0,0,1,240
0,2,1,3.7276000422255353,4,2,0,0,1,0,0,1,0,0,634
0,3,1,3.6810362766529106,6,1,0,0,1,0,0,0,0,1,249
0,3,1,2.319520869700248,1,1,0,0,1,0,0,0,0,1,372
0,3,1,2.0535851271346086,1,1,0,0,1,0,0,0,0,1,403
1,1,0,5.353456381663085,2,1,0,1,0,0,0,0,0,1,141
1,1,1,4.04305126783455,2,3,0,0,1,0,0,0,0,1,89
1,3,0,2.5965001996654262,2,0,0,1,0,0,0,1,0,0,393
1,3,1,4.034166299106131,1,3,0,0,1,0,0,0,0,1,80
0,3,1,1.9775472339984959,1,2,0,0,1,0,0,1,0,0,200
0,1,1,3.279029747687948,1,6,0,0,0,0,1,0,0,1,48
0,2,1,2.6026896854443837,1,5,0,0,1,0,0,0,0,1,156
0,3,1,2.0856720914304723,1,4,0,0,1,0,0,0,0,1,425
1,3,0,2.0455356796500372,1,2,0,1,0,0,0,0,1,0,419
0,1,1,4.708478296903478,3,4,0,0,1,0,0,1,0,0,83
0,3,1,2.0347056478384444,1,4,0,0,1,0,0,0,0,1,346
1,1,0,5.427260122463419,2,1,0,0,0,1,0,1,0,0,610
1,1,1,3.2690935410288184,1,3,0,0,1,0,0,0,0,1,579
0,3,0,2.6709850297651974,2,1,0,1,0,0,0,1,0,0,211
0,3,1,2.046621301727582,1,2,0,0,1,0,0,0,1,0,449
0,3,1,2.061048420562944,2,2,0,0,1,0,0,0,0,1,398
0,2,1,3.258096538021482,1,3,0,0,1,0,0,0,0,1,170
1,2,0,2.6026896854443837,1,4,0,0,0,1,0,0,0,1,108
1,1,1,3.2690935410288184,1,4,0,0,1,0,0,0,0,1,580
1,1,0,5.020915603503812,1,2,0,1,0,0,0,0,0,1,37
1,3,1,2.7243040552851014,3,0,1,0,0,0,0,1,0,0,189
1,1,0,3.902057514460064,1,2,0,0,0,0,0,1,0,0,582
0,1,1,3.279029747687948,1,3,0,0,1,0,0,0,0,1,19
1,1,1,3.9512437185814275,2,4,0,0,1,0,0,0,0,1,99
0,3,1,2.2495323569595644,1,2,0,0,1,0,0,0,0,1,506
0,2,1,2.5649493574615367,1,5,0,0,1,0,0,0,0,1,164
0,3,1,2.0347056478384444,1,1,0,0,1,0,0,0,0,1,348
1,1,0,5.427260122463419,1,3,0,1,0,0,0,1,0,0,610
1,2,0,2.3513752571634776,1,2,0,1,0,0,0,0,0,1,293
0,3,1,2.740840023925201,1,3,0,0,1,0,0,0,1,0,440
0,3,1,2.0509134580652977,1,3,0,0,1,0,0,0,0,1,319
1,2,0,3.4965075614664802,2,0,0,1,0,0,0,0,0,1,155
0,3,1,1.9536231841196134,2,1,0,0,1,0,0,0,0,1,408
0,2,1,2.5649493574615367,1,3,0,0,1,0,0,0,0,1,65
0,2,1,2.5649493574615367,1,5,0,0,1,0,0,0,0,1,161
1,1,1,3.9721769282478934,2,2,0,0,1,0,0,0,0,1,51
0,3,1,2.1590033645160216,1,2,0,0,1,0,0,0,0,1,266
1,2,0,3.044522437723423,4,3,0,0,0,1,0,0,0,1,252
1,3,0,2.0460786380107145,1,2,0,1,0,0,0,0,1,0,451
0,2,1,3.258096538021482,2,2,0,0,1,0,0,0,0,1,127
0,3,0,2.0700223197633445,2,2,0,1,0,0,0,0,0,1,667
1,1,0,5.353456381663085,1,2,0,1,0,0,0,0,0,1,141
0,3,1,2.933191755079093,1,1,0,0,1,0,0,1,0,0,216
0,2,1,0.0,1,3,0,0,1,0,0,0,0,1,137
0,2,1,2.5649493574615367,1,2,0,0,1,0,0,0,0,1,228
0,2,1,2.5649493574615367,1,2,0,0,1,0,0,0,0,1,119
0,3,1,2.7788192719904172,1,2,0,0,1,0,0,0,0,1,495
0,3,0,3.5373295559867355,5,4,0,0,0,1,0,0,0,1,676
1,1,1,6.238967387173662,1,3,0,0,1,0,0,1,0,0,608
0,3,1,2.0663309725297405,1,3,0,0,1,0,0,0,0,1,349
0,3,1,2.0663309725297405,1,3,0,0,1,0,0,0,0,1,364
1,1,1,3.4011973816621555,1,3,0,0,1,0,0,0,0,1,82
0,1,1,4.367547313409047,2,3,0,0,1,0,0,0,0,1,91
1,1,0,5.569774778140797,5,2,0,1,0,0,0,1,0,0,602
0,3,1,2.7788192719904172,2,2,0,0,1,0,0,0,0,1,477
1,3,1,2.0700223197633445,1,3,0,0,1,0,0,0,0,1,662
0,1,1,4.2626798770413155,3,7,0,0,1,0,0,0,0,1,680
0,3,1,3.0081547935525483,3,1,0,0,1,0,0,0,0,1,551
1,2,0,2.5649493574615367,1,3,0,1,0,0,0,0,0,1,165
0,1,1,3.9721769282478934,2,1,0,0,1,0,0,0,0,1,35
0,3,1,2.0476928433652555,1,3,0,0,1,0,0,0,1,0,287
1,2,0,3.1354942159291497,3,0,0,1,0,0,0,0,0,1,234
1,3,1,2.5237266416375825,2,0,1,0,0,0,0,0,0,1,486
0,3,1,2.2512917986064953,1,3,0,0,1,0,0,0,0,1,312
0,3,1,2.0663309725297405,1,2,0,0,1,0,0,0,0,1,351
1,2,0,4.174387269895637,4,4,0,0,0,1,0,0,0,1,106
1,2,1,2.6741486494265287,3,0,1,0,0,0,0,0,0,1,166
0,3,1,2.0535851271346086,1,2,0,0,1,0,0,0,0,1,404
0,2,1,2.4423470353692043,1,1,0,0,1,0,0,0,0,1,238
0,3,1,2.0856720914304723,1,3,0,0,1,0,0,0,0,1,424
1,1,0,4.460144413937834,1,3,0,0,0,1,0,0,0,1,0
0,3,1,2.6741486494265287,1,3,0,0,1,0,0,0,0,1,420
0,3,1,1.9636097261547143,1,4,0,0,1,0,0,0,0,1,646
1,3,1,1.9781283799793465,1,2,0,0,1,0,0,1,0,0,191
1,1,0,4.787491742782046,4,3,0,0,0,1,0,0,0,1,33
0,3,1,2.0509134580652977,1,1,0,0,1,0,0,0,0,1,327
1,1,0,4.356174068347218,2,5,0,0,0,1,0,0,0,1,71
0,1,1,3.6788291182604347,1,3,0,0,1,0,0,1,0,0,18
0,3,0,2.0476928433652555,1,3,0,1,0,0,0,0,1,0,436
0,3,1,3.184284380098582,2,3,0,0,1,0,0,0,1,0,469
0,3,1,2.1237574254543468,1,3,0,0,1,0,0,0,0,1,511
0,3,1,2.2512917986064953,1,2,0,0,1,0,0,0,0,1,313
0,3,1,2.061048420562944,1,4,0,0,1,0,0,0,0,1,407
0,2,0,2.3513752571634776,1,5,0,0,0,1,0,0,0,1,619
0,3,1,1.9775472339984959,1,3,0,0,1,0,0,1,0,0,201
1,2,0,3.1354942159291497,5,5,0,0,0,1,0,0,0,1,236
0,3,1,2.0476928433652555,1,1,0,0,1,0,0,0,0,1,330
0,3,1,2.0476928433652555,1,3,0,0,1,0,0,0,1,0,481
1,3,0,2.5237266416375825,1,0,0,1,0,0,0,0,0,1,432
0,3,1,2.0460786380107145,1,3,0,0,1,0,0,0,1,0,450
1,1,0,5.353456381663085,2,4,0,0,0,1,0,0,0,1,141
1,3,0,1.9781283799793465,1,1,0,1,0,0,0,1,0,0,208
1,1,0,4.04305126783455,2,1,0,0,0,1,0,0,0,1,89
0,1,1,3.4011973816621555,1,2,0,0,1,0,0,0,0,1,26
0,3,1,3.1548704948922883,4,3,0,0,1,0,0,0,0,1,675
0,3,1,1.9530276168241774,1,2,0,0,1,0,0,0,0,1,643
0,3,1,1.9810014688665833,1,2,0,0,1,0,0,0,0,1,474
1,3,0,2.0143428636837015,1,1,0,1,0,0,0,0,0,1,243
0,3,1,3.371596911885865,6,0,1,0,0,0,0,0,1,0,480
1,3,1,3.0240767465631335,4,0,1,0,0,0,0,0,0,1,548
0,1,1,4.37197629882038,1,4,0,0,1,0,0,1,0,0,592
0,3,1,2.0476928433652555,1,3,0,0,1,0,0,0,1,0,66
0,2,1,3.258096538021482,1,1,0,0,1,0,0,0,0,1,139
0,3,0,4.242045918369452,11,2,0,1,0,0,0,0,0,1,568
0,1,1,3.424125837416519,1,3,0,0,1,0,0,1,0,0,597
0,3,1,2.0663309725297405,1,2,0,0,1,0,0,0,0,1,350
0,2,1,2.5649493574615367,1,3,0,0,1,0,0,0,0,1,223
1,1,0,3.255369746779992,1,4,0,0,1,0,0,0,0,1,87
1,3,0,2.161401640752305,1,3,0,0,0,1,0,0,0,1,383
0,3,1,1.9781283799793465,1,3,0,0,1,0,0,1,0,0,206
0,3,0,3.184284380098582,3,3,0,0,0,1,0,0,0,1,307
0,2,1,2.5649493574615367,1,3,0,0,1,0,0,0,0,1,164
1,2,0,3.2676659890376327,3,3,0,0,0,1,0,0,0,1,556
1,1,1,4.787491742782046,4,1,1,0,0,0,0,0,0,1,33
1,3,1,2.1420289418682694,2,0,1,0,0,0,0,1,0,0,174
1,3,1,1.9423323277074294,1,2,0,0,1,0,0,0,0,1,338
0,3,1,2.0509134580652977,1,3,0,0,1,0,0,0,0,1,320
0,1,1,0.0,1,3,0,0,1,0,0,0,0,1,12
0,3,0,2.0509134580652977,1,1,0,1,0,0,0,0,0,1,336
0,2,1,2.5649493574615367,1,3,0,0,1,0,0,0,0,1,154
1,1,0,3.9721769282478934,2,3,0,0,0,1,0,0,0,1,51
0,3,1,2.0652792278673315,1,2,0,0,1,0,0,0,0,1,339
0,3,1,3.184284380098582,1,3,0,0,1,0,0,0,0,1,519
0,2,1,2.3513752571634776,1,3,0,0,1,0,0,0,0,1,222
0,3,0,3.442819056352975,7,0,0,1,0,0,0,0,0,1,333
0,3,1,2.0856720914304723,1,3,0,0,1,0,0,0,0,1,427
0,1,1,0.0,1,3,0,0,1,0,0,0,0,1,15
0,3,0,2.0700223197633445,1,2,0,1,0,0,0,0,0,1,671
0,2,1,3.6110314197155664,3,3,0,0,1,0,0,1,0,0,618
0,3,1,1.864080130807681,1,4,0,0,1,0,0,0,0,1,543
0,3,1,3.32862668882732,6,1,1,0,0,0,0,0,0,1,337
1,1,0,4.537961436294641,3,5,0,0,0,1,0,0,0,1,67
1,3,1,2.1590033645160216,1,2,0,0,1,0,0,0,0,1,269
0,1,1,0.0,1,3,0,0,0,0,1,0,0,1,97
1,3,0,2.5237266416375825,2,2,0,0,0,1,0,0,0,1,486
0,3,1,3.6810362766529106,6,0,1,0,0,0,0,0,0,1,249
0,3,1,1.9387416595767009,1,3,0,0,1,0,0,0,1,0,448
0,3,1,4.034166299106131,1,3,0,0,1,0,0,0,0,1,80
1,2,1,3.6110314197155664,3,0,1,0,0,0,0,1,0,0,618
1,3,1,2.0476928433652555,1,3,0,0,1,0,0,0,1,0,442
1,1,0,4.382026634673881,1,6,0,0,0,1,0,0,0,1,32
1,3,0,2.6709850297651974,2,1,0,0,0,1,0,1,0,0,188
1,2,1,2.9311937524164198,3,0,1,0,0,0,0,0,0,1,237
0,3,1,1.9781283799793465,1,3,0,0,1,0,0,1,0,0,199
0,3,1,2.061048420562944,1,2,0,0,1,0,0,0,0,1,342
0,3,1,2.1162555148025524,1,1,0,0,1,0,0,0,0,1,107
1,1,0,4.4207460202604185,3,3,0,1,0,0,0,1,0,0,609
0,3,1,2.1590033645160216,1,2,0,0,1,0,0,0,0,1,268
0,3,1,2.0856720914304723,1,3,0,0,1,0,0,0,0,1,485
1,3,1,4.034166299106131,1,3,0,0,1,0,0,0,0,1,80
1,1,1,3.391147045808654,1,3,0,0,1,0,0,1,0,0,62
0,3,1,2.0700223197633445,1,2,0,0,1,0,0,0,0,1,647
0,2,1,2.3513752571634776,1,1,0,0,1,0,0,0,0,1,619
1,1,0,3.4339872044851463,1,3,0,1,0,0,0,1,0,0,47
0,3,1,1.8621402659898545,1,3,0,0,1,0,0,1,0,0,205
0,3,1,2.1590033645160216,1,1,0,0,1,0,0,0,0,1,264
0,3,1,2.0215475632609334,1,4,0,0,1,0,0,0,0,1,563
0,3,1,4.242045918369452,11,3,0,0,1,0,0,0,0,1,568
0,3,1,2.0663309725297405,1,3,0,0,1,0,0,1,0,0,359
0,2,1,3.4965075614664802,2,2,0,0,0,0,1,0,0,1,155
1,1,0,4.489806471412939,2,3,0,0,0,1,0,1,0,0,84
0,3,1,3.442819056352975,7,0,1,0,0,0,0,0,0,1,333
0,3,1,2.0509134580652977,1,7,0,0,1,0,0,0,0,1,317
0,3,0,2.7243040552851014,3,0,0,1,0,0,0,1,0,0,203
1,1,0,3.673765816303888,2,1,0,1,0,0,0,0,0,1,591
0,2,0,3.258096538021482,2,4,0,0,0,1,0,0,0,1,144
1,3,0,2.2353763433005955,2,1,0,0,0,1,0,0,0,1,484
1,1,0,5.1051372686027685,3,4,0,0,0,1,0,0,0,1,453
1,1,1,3.279029747687948,1,5,0,0,1,0,0,0,0,1,23
1,3,0,2.957942136638392,4,2,0,0,0,1,0,1,0,0,194
0,3,1,1.9781283799793465,1,3,0,0,1,0,0,1,0,0,178
0,3,1,2.6467632766784814,3,4,0,0,1,0,0,0,0,1,399
0,2,1,2.4423470353692043,2,2,0,0,1,0,0,0,0,1,221
1,1,0,3.255369746779992,1,4,0,0,0,1,0,0,0,1,88
0,3,0,4.242045918369452,11,2,0,1,0,0,0,0,0,1,568
0,2,1,2.5649493574615367,1,2,0,0,1,0,0,0,0,1,120
1,2,0,2.5649493574615367,1,4,0,0,0,1,0,0,0,1,126
1,2,0,2.6288843311163475,2,2,0,1,0,0,0,1,0,0,632
0,1,1,3.921890164505806,1,3,0,0,1,0,0,0,0,1,590
0,3,1,2.2512917986064953,1,3,0,0,1,0,0,0,0,1,309
1,3,1,2.409940617298087,3,0,1,0,0,0,0,0,0,1,344
0,3,1,2.0663309725297405,1,2,0,0,1,0,0,0,0,1,387
1,1,0,3.961845018011234,3,4,0,0,0,1,0,0,0,1,54
0,1,1,1.6094379124341003,1,3,0,0,1,0,0,0,0,1,502
0,3,1,2.1972245773362196,1,4,0,0,1,0,0,0,0,1,303
1,2,0,3.1780538303479458,2,2,0,0,0,1,0,1,0,0,575
1,3,0,1.9775472339984959,1,1,0,1,0,0,0,1,0,0,195
0,3,1,2.287044968312313,1,2,0,0,1,0,0,0,0,1,504
0,3,1,2.0663309725297405,1,1,0,0,1,0,0,0,0,1,358
0,3,1,2.0663309725297405,1,3,0,0,1,0,0,0,0,1,363
1,1,0,4.4207460202604185,2,5,0,0,0,1,0,1,0,0,59
1,2,0,3.258096538021482,2,2,0,0,0,1,0,0,0,1,115
0,3,1,2.0663309725297405,1,3,0,0,1,0,0,0,0,1,394
0,3,0,2.352964469886197,1,2,0,1,0,0,0,0,0,1,508
0,2,1,2.3513752571634776,1,2,0,0,1,0,0,0,0,1,565
0,3,1,1.9530276168241774,1,2,0,0,1,0,0,0,0,1,650
0,3,0,3.371596911885865,6,3,0,0,0,1,0,0,1,0,480
0,2,1,2.5649493574615367,1,2,0,0,0,0,1,0,0,1,101
1,1,0,3.4011973816621555,1,1,0,1,0,0,0,0,0,1,14
0,3,0,3.1548704948922883,4,2,0,1,0,0,0,0,0,1,675
1,1,1,3.4011973816621555,1,2,0,0,1,0,0,1,0,0,8
0,3,1,2.0476928433652555,1,3,0,0,1,0,0,0,1,0,466
